﻿Class,Name,Final Exam
Spring,Rami,56
Spring,Erika,71
Spring,Shawn,85
Spring,Nijah,67
Spring,Robert,68
Spring,John,73
Spring,Safira,84
Spring,An,90
Spring,Steven,73
Spring,Tomas,84
Spring,Robert,97
Spring,Khristina,56
Spring,Hasan,83
Spring,Nicholas,68
Spring,Leah,61
Fall,Kwan,58
Fall,George,73
Fall,Salvador,70
Fall,Kostas,63
Fall,Jason,85
Fall,Irina,88
Fall,Tina,97
Fall,Cyndy,80
Fall,Laci,56
Fall,Jacqueline,97
Fall,Tiffany,58
Fall,Feng,97
Fall,Tina,59
Fall,Vicki,79
Fall,Annika,68